,Iteration,Time,Fitness,FEvals,use_fast_mimic,Population Size,Keep Percent,max_iters
0,0,0.058253815000000486,55.0,200.0,True,200,0.8,1024
1,1,0.1889862450000237,67.0,402.0,True,200,0.8,1024
2,2,0.3166262520000487,67.0,603.0,True,200,0.8,1024
3,3,0.44041831000004095,67.0,804.0,True,200,0.8,1024
4,4,0.5588442040000245,67.0,1005.0,True,200,0.8,1024
5,5,0.6831957850000094,67.0,1206.0,True,200,0.8,1024
6,6,0.8159461559999954,67.0,1407.0,True,200,0.8,1024
7,7,0.9576891390000242,67.0,1608.0,True,200,0.8,1024
8,8,1.0921902730000284,67.0,1809.0,True,200,0.8,1024
9,9,1.222322815000041,67.0,2010.0,True,200,0.8,1024
10,10,1.3518119410000509,68.0,2212.0,True,200,0.8,1024
11,11,1.4695459700000129,68.0,2413.0,True,200,0.8,1024
12,12,1.5983541600000422,68.0,2614.0,True,200,0.8,1024
13,13,1.726090766000027,72.0,2816.0,True,200,0.8,1024
14,14,1.8442336250000153,72.0,3017.0,True,200,0.8,1024
15,15,1.9664118420000136,72.0,3218.0,True,200,0.8,1024
16,16,2.083529702000021,72.0,3419.0,True,200,0.8,1024
17,17,2.21770329200001,72.0,3620.0,True,200,0.8,1024
18,18,2.3555187080000337,72.0,3821.0,True,200,0.8,1024
19,19,2.4806735540000204,72.0,4022.0,True,200,0.8,1024
20,20,2.601897710000003,72.0,4223.0,True,200,0.8,1024
21,21,2.7302352359999986,72.0,4424.0,True,200,0.8,1024
22,22,2.8535555280000153,72.0,4625.0,True,200,0.8,1024
23,23,2.9714808400000265,72.0,4826.0,True,200,0.8,1024
24,24,3.106890503000045,72.0,5027.0,True,200,0.8,1024
25,25,3.23161303400002,72.0,5228.0,True,200,0.8,1024
26,26,3.350285528000029,72.0,5429.0,True,200,0.8,1024
27,27,3.4724881750000236,72.0,5630.0,True,200,0.8,1024
28,28,3.6089567020000004,72.0,5831.0,True,200,0.8,1024
29,29,3.732336549000024,73.0,6033.0,True,200,0.8,1024
30,30,3.8596952770000144,73.0,6234.0,True,200,0.8,1024
31,31,3.9920334440000147,75.0,6436.0,True,200,0.8,1024
32,32,4.118328625000004,75.0,6637.0,True,200,0.8,1024
33,33,4.249371358000019,75.0,6838.0,True,200,0.8,1024
34,34,4.380666651000013,75.0,7039.0,True,200,0.8,1024
35,35,4.510774646000016,75.0,7240.0,True,200,0.8,1024
36,36,4.64025125500001,75.0,7441.0,True,200,0.8,1024
37,37,4.7654316610000365,76.0,7643.0,True,200,0.8,1024
38,38,4.905850233000024,77.0,7845.0,True,200,0.8,1024
39,39,5.037237391000019,77.0,8046.0,True,200,0.8,1024
40,40,5.156597513999998,77.0,8247.0,True,200,0.8,1024
41,41,5.289291214000002,80.0,8449.0,True,200,0.8,1024
42,42,5.417380615000013,80.0,8650.0,True,200,0.8,1024
43,43,5.546836512000027,80.0,8851.0,True,200,0.8,1024
44,44,5.679275844000017,80.0,9052.0,True,200,0.8,1024
45,45,5.800189638000006,80.0,9253.0,True,200,0.8,1024
46,46,5.9177769310000485,80.0,9454.0,True,200,0.8,1024
47,47,6.038906603000044,80.0,9655.0,True,200,0.8,1024
48,48,6.158243208000044,80.0,9856.0,True,200,0.8,1024
49,49,6.293603479000012,80.0,10057.0,True,200,0.8,1024
50,50,6.4299082269999985,80.0,10258.0,True,200,0.8,1024
51,51,6.565479290000042,80.0,10459.0,True,200,0.8,1024
52,52,6.696790991,80.0,10660.0,True,200,0.8,1024
53,53,6.816302532999998,80.0,10861.0,True,200,0.8,1024
54,54,6.945053420000022,80.0,11062.0,True,200,0.8,1024
55,55,7.073195444000021,80.0,11263.0,True,200,0.8,1024
56,56,7.198150497000029,80.0,11464.0,True,200,0.8,1024
57,57,7.318411892000029,80.0,11665.0,True,200,0.8,1024
58,58,7.467168707000042,80.0,11866.0,True,200,0.8,1024
59,59,7.624004124999999,80.0,12067.0,True,200,0.8,1024
60,60,7.782061918000011,80.0,12268.0,True,200,0.8,1024
61,61,7.916104648000044,80.0,12469.0,True,200,0.8,1024
62,62,8.059604400000012,80.0,12670.0,True,200,0.8,1024
63,63,8.207189972000037,80.0,12871.0,True,200,0.8,1024
64,64,8.337749615999996,80.0,13072.0,True,200,0.8,1024
65,65,8.45868552600001,80.0,13273.0,True,200,0.8,1024
66,66,8.584737281000002,80.0,13474.0,True,200,0.8,1024
67,67,8.722296778000043,80.0,13675.0,True,200,0.8,1024
68,68,8.830121031000033,80.0,13876.0,True,200,0.8,1024
69,69,8.949971566000045,80.0,14077.0,True,200,0.8,1024
70,70,9.066986960999998,80.0,14278.0,True,200,0.8,1024
71,71,9.185830345,80.0,14479.0,True,200,0.8,1024
72,72,9.323765502000015,80.0,14680.0,True,200,0.8,1024
73,73,9.452852741000015,80.0,14881.0,True,200,0.8,1024
74,74,9.585127784999997,80.0,15082.0,True,200,0.8,1024
75,75,9.716231196000024,80.0,15283.0,True,200,0.8,1024
76,76,9.843197497000006,80.0,15484.0,True,200,0.8,1024
77,77,9.973933819000024,80.0,15685.0,True,200,0.8,1024
78,78,10.104426203000003,80.0,15886.0,True,200,0.8,1024
79,79,10.229651256000011,80.0,16087.0,True,200,0.8,1024
80,80,10.358001122000019,80.0,16288.0,True,200,0.8,1024
81,81,10.498129327000015,80.0,16489.0,True,200,0.8,1024
82,82,10.623993321,80.0,16690.0,True,200,0.8,1024
83,83,10.745779278000043,80.0,16891.0,True,200,0.8,1024
84,84,10.873754098999996,80.0,17092.0,True,200,0.8,1024
85,85,10.997227681000027,80.0,17293.0,True,200,0.8,1024
86,86,11.121782709000001,80.0,17494.0,True,200,0.8,1024
87,87,11.244796437000048,80.0,17695.0,True,200,0.8,1024
88,88,11.377606344000014,80.0,17896.0,True,200,0.8,1024
89,89,11.52026102900004,80.0,18097.0,True,200,0.8,1024
90,90,11.654376513000045,80.0,18298.0,True,200,0.8,1024
91,91,11.78866930700002,80.0,18499.0,True,200,0.8,1024
92,92,11.916256128000043,80.0,18700.0,True,200,0.8,1024
93,93,12.038707056000021,80.0,18901.0,True,200,0.8,1024
94,94,12.163068586999998,80.0,19102.0,True,200,0.8,1024
95,95,12.289015770000049,80.0,19303.0,True,200,0.8,1024
96,96,12.405599933000019,80.0,19504.0,True,200,0.8,1024
97,97,12.525810184000022,80.0,19705.0,True,200,0.8,1024
98,98,12.62410402300003,80.0,19906.0,True,200,0.8,1024
99,99,12.730338605000043,80.0,20107.0,True,200,0.8,1024
100,100,12.839460294000048,80.0,20308.0,True,200,0.8,1024
101,101,12.957407061000026,80.0,20509.0,True,200,0.8,1024
102,102,13.084017614000004,80.0,20710.0,True,200,0.8,1024
103,103,13.195132276000038,80.0,20911.0,True,200,0.8,1024
104,104,13.298786036000024,80.0,21112.0,True,200,0.8,1024
105,105,13.42217516200003,80.0,21313.0,True,200,0.8,1024
106,106,13.547908975000041,80.0,21514.0,True,200,0.8,1024
107,107,13.664434504000042,80.0,21715.0,True,200,0.8,1024
108,108,13.777593013,80.0,21916.0,True,200,0.8,1024
109,109,13.897510446000013,80.0,22117.0,True,200,0.8,1024
110,110,14.01998590300002,80.0,22318.0,True,200,0.8,1024
111,111,14.148026511000012,80.0,22519.0,True,200,0.8,1024
112,112,14.274580657000001,80.0,22720.0,True,200,0.8,1024
113,113,14.398294313000008,80.0,22921.0,True,200,0.8,1024
114,114,14.525431512000011,80.0,23122.0,True,200,0.8,1024
115,115,14.658962572000007,80.0,23323.0,True,200,0.8,1024
116,116,14.768525299000032,80.0,23524.0,True,200,0.8,1024
117,117,14.880025519000014,80.0,23725.0,True,200,0.8,1024
118,118,14.988143730000047,80.0,23926.0,True,200,0.8,1024
119,119,15.103858965000029,80.0,24127.0,True,200,0.8,1024
120,120,15.217760596999995,80.0,24328.0,True,200,0.8,1024
121,121,15.336801429000047,80.0,24529.0,True,200,0.8,1024
122,122,15.452633857000023,80.0,24730.0,True,200,0.8,1024
123,123,15.56059743000003,80.0,24931.0,True,200,0.8,1024
124,124,15.66292579200001,80.0,25132.0,True,200,0.8,1024
125,125,15.765974284000038,80.0,25333.0,True,200,0.8,1024
126,126,15.873956804000045,80.0,25534.0,True,200,0.8,1024
127,127,15.976559785000006,80.0,25735.0,True,200,0.8,1024
128,128,16.079770819000032,80.0,25936.0,True,200,0.8,1024
129,129,16.193886100000043,80.0,26137.0,True,200,0.8,1024
130,130,16.30947534300003,80.0,26338.0,True,200,0.8,1024
131,131,16.419664401000034,80.0,26539.0,True,200,0.8,1024
132,132,16.540731937000032,80.0,26740.0,True,200,0.8,1024
133,133,16.67067378600001,80.0,26941.0,True,200,0.8,1024
134,134,16.785799759000042,80.0,27142.0,True,200,0.8,1024
135,135,16.894357474000003,80.0,27343.0,True,200,0.8,1024
136,136,17.011800926000035,80.0,27544.0,True,200,0.8,1024
137,137,17.140623887000004,80.0,27745.0,True,200,0.8,1024
138,138,17.27102934000004,80.0,27946.0,True,200,0.8,1024
139,139,17.409681551000006,80.0,28147.0,True,200,0.8,1024
140,140,17.532106811999995,80.0,28348.0,True,200,0.8,1024
141,141,17.661923513000033,80.0,28549.0,True,200,0.8,1024
142,142,17.78030174500003,80.0,28750.0,True,200,0.8,1024
143,143,17.89057469000005,80.0,28951.0,True,200,0.8,1024
144,144,18.008640822000018,80.0,29152.0,True,200,0.8,1024
145,145,18.121762916000023,80.0,29353.0,True,200,0.8,1024
146,146,18.24070408,80.0,29554.0,True,200,0.8,1024
147,147,18.353998817000047,80.0,29755.0,True,200,0.8,1024
148,148,18.492129835000014,80.0,29956.0,True,200,0.8,1024
149,149,18.608830387000012,80.0,30157.0,True,200,0.8,1024
150,150,18.723317010000017,80.0,30358.0,True,200,0.8,1024
151,151,18.848931600000014,80.0,30559.0,True,200,0.8,1024
152,152,18.977134772,80.0,30760.0,True,200,0.8,1024
153,153,19.103942585000027,80.0,30961.0,True,200,0.8,1024
154,154,19.222907308000003,80.0,31162.0,True,200,0.8,1024
155,155,19.336598010000046,80.0,31363.0,True,200,0.8,1024
156,156,19.44482208200003,80.0,31564.0,True,200,0.8,1024
157,157,19.55907163400002,80.0,31765.0,True,200,0.8,1024
158,158,19.669828791000043,80.0,31966.0,True,200,0.8,1024
159,159,19.781868996000014,80.0,32167.0,True,200,0.8,1024
160,160,19.903692648000003,80.0,32368.0,True,200,0.8,1024
161,161,20.023686236000003,80.0,32569.0,True,200,0.8,1024
162,162,20.146187179000037,80.0,32770.0,True,200,0.8,1024
163,163,20.273489892000043,80.0,32971.0,True,200,0.8,1024
164,164,20.394959733999997,80.0,33172.0,True,200,0.8,1024
165,165,20.514370430000042,80.0,33373.0,True,200,0.8,1024
166,166,20.630957531000035,80.0,33574.0,True,200,0.8,1024
167,167,20.74508896200001,80.0,33775.0,True,200,0.8,1024
168,168,20.86274480100002,80.0,33976.0,True,200,0.8,1024
169,169,20.994413235000025,80.0,34177.0,True,200,0.8,1024
170,170,21.131191983000008,80.0,34378.0,True,200,0.8,1024
171,171,21.272618920000014,80.0,34579.0,True,200,0.8,1024
172,172,21.401824806000036,80.0,34780.0,True,200,0.8,1024
173,173,21.527429545000018,80.0,34981.0,True,200,0.8,1024
174,174,21.644247766000035,80.0,35182.0,True,200,0.8,1024
175,175,21.762184215000048,80.0,35383.0,True,200,0.8,1024
176,176,21.877965068000037,80.0,35584.0,True,200,0.8,1024
177,177,21.999100674000033,80.0,35785.0,True,200,0.8,1024
178,178,22.107164201000046,80.0,35986.0,True,200,0.8,1024
179,179,22.220922892000033,80.0,36187.0,True,200,0.8,1024
180,180,22.343483402000004,80.0,36388.0,True,200,0.8,1024
181,181,22.45987797800001,80.0,36589.0,True,200,0.8,1024
182,182,22.59020291400003,80.0,36790.0,True,200,0.8,1024
183,183,22.78382466000005,80.0,36991.0,True,200,0.8,1024
184,184,22.91092424300001,80.0,37192.0,True,200,0.8,1024
185,185,23.030379581000034,80.0,37393.0,True,200,0.8,1024
186,186,23.143014925000045,80.0,37594.0,True,200,0.8,1024
187,187,23.273992463000013,80.0,37795.0,True,200,0.8,1024
188,188,23.406501036999998,80.0,37996.0,True,200,0.8,1024
189,189,23.543532552000045,80.0,38197.0,True,200,0.8,1024
190,190,23.67484939800005,80.0,38398.0,True,200,0.8,1024
191,191,23.808153508000032,80.0,38599.0,True,200,0.8,1024
192,192,23.939394787000026,80.0,38800.0,True,200,0.8,1024
193,193,24.063742671,80.0,39001.0,True,200,0.8,1024
194,194,24.202772925000033,80.0,39202.0,True,200,0.8,1024
195,195,24.34445235100003,80.0,39403.0,True,200,0.8,1024
196,196,24.454294961000016,80.0,39604.0,True,200,0.8,1024
197,197,24.56431188900001,80.0,39805.0,True,200,0.8,1024
198,198,24.669860392000032,80.0,40006.0,True,200,0.8,1024
199,199,24.789179633000003,80.0,40207.0,True,200,0.8,1024
200,200,24.908892629000036,80.0,40408.0,True,200,0.8,1024
201,201,25.027668515000016,80.0,40609.0,True,200,0.8,1024
202,202,25.14949544700005,80.0,40810.0,True,200,0.8,1024
203,203,25.264895443,80.0,41011.0,True,200,0.8,1024
204,204,25.386407935000022,80.0,41212.0,True,200,0.8,1024
205,205,25.49954402100002,80.0,41413.0,True,200,0.8,1024
206,206,25.631263640000043,80.0,41614.0,True,200,0.8,1024
207,207,25.738908582000022,80.0,41815.0,True,200,0.8,1024
208,208,25.849835443000018,80.0,42016.0,True,200,0.8,1024
209,209,25.97243155800004,80.0,42217.0,True,200,0.8,1024
210,210,26.08812499200002,80.0,42418.0,True,200,0.8,1024
211,211,26.205427462000046,80.0,42619.0,True,200,0.8,1024
212,212,26.320138636000024,80.0,42820.0,True,200,0.8,1024
213,213,26.44119213700003,80.0,43021.0,True,200,0.8,1024
214,214,26.556385577000015,80.0,43222.0,True,200,0.8,1024
215,215,26.660733828000048,80.0,43423.0,True,200,0.8,1024
216,216,26.769993295000006,80.0,43624.0,True,200,0.8,1024
217,217,26.88402891300001,80.0,43825.0,True,200,0.8,1024
218,218,27.00671456400005,80.0,44026.0,True,200,0.8,1024
219,219,27.12598665500002,80.0,44227.0,True,200,0.8,1024
220,220,27.244144900000038,80.0,44428.0,True,200,0.8,1024
221,221,27.37261199300002,80.0,44629.0,True,200,0.8,1024
222,222,27.48348670400003,80.0,44830.0,True,200,0.8,1024
223,223,27.58808147000002,80.0,45031.0,True,200,0.8,1024
224,224,27.69206355700004,80.0,45232.0,True,200,0.8,1024
225,225,27.79684081000005,80.0,45433.0,True,200,0.8,1024
226,226,27.913589947000048,80.0,45634.0,True,200,0.8,1024
227,227,28.025662046000036,80.0,45835.0,True,200,0.8,1024
228,228,28.135954871000024,80.0,46036.0,True,200,0.8,1024
229,229,28.248784032000003,80.0,46237.0,True,200,0.8,1024
230,230,28.355917196000007,80.0,46438.0,True,200,0.8,1024
231,231,28.46820342000001,80.0,46639.0,True,200,0.8,1024
232,232,28.57606441500002,80.0,46840.0,True,200,0.8,1024
233,233,28.684602065000036,80.0,47041.0,True,200,0.8,1024
234,234,28.78990785000002,80.0,47242.0,True,200,0.8,1024
235,235,28.917236170000024,80.0,47443.0,True,200,0.8,1024
236,236,29.036313221,80.0,47644.0,True,200,0.8,1024
237,237,29.14437136600003,80.0,47845.0,True,200,0.8,1024
238,238,29.256768281000006,80.0,48046.0,True,200,0.8,1024
239,239,29.370818127000007,80.0,48247.0,True,200,0.8,1024
240,240,29.47608116500004,80.0,48448.0,True,200,0.8,1024
241,241,29.59360837600002,80.0,48649.0,True,200,0.8,1024
242,242,29.706978011000047,80.0,48850.0,True,200,0.8,1024
243,243,29.826562405000004,80.0,49051.0,True,200,0.8,1024
244,244,29.949595191000014,80.0,49252.0,True,200,0.8,1024
245,245,30.072981373000005,80.0,49453.0,True,200,0.8,1024
246,246,30.193164472000035,80.0,49654.0,True,200,0.8,1024
247,247,30.32434173200005,80.0,49855.0,True,200,0.8,1024
248,248,30.44635193000005,80.0,50056.0,True,200,0.8,1024
249,249,30.56337652800005,80.0,50257.0,True,200,0.8,1024
250,250,30.689580678000027,80.0,50458.0,True,200,0.8,1024
251,251,30.807562768000025,80.0,50659.0,True,200,0.8,1024
252,252,30.92601971000005,80.0,50860.0,True,200,0.8,1024
253,253,31.076112892000026,80.0,51061.0,True,200,0.8,1024
254,254,31.219566772999997,80.0,51262.0,True,200,0.8,1024
255,255,31.355069345000004,80.0,51463.0,True,200,0.8,1024
256,256,31.47866031700005,80.0,51664.0,True,200,0.8,1024
257,257,31.628804360000004,80.0,51865.0,True,200,0.8,1024
258,258,31.769416120000017,80.0,52066.0,True,200,0.8,1024
259,259,31.907564954999998,80.0,52267.0,True,200,0.8,1024
260,260,32.039640991,80.0,52468.0,True,200,0.8,1024
261,261,32.175716674,80.0,52669.0,True,200,0.8,1024
262,262,32.301928078,80.0,52870.0,True,200,0.8,1024
263,263,32.40888180800005,80.0,53071.0,True,200,0.8,1024
264,264,32.51740318900005,80.0,53272.0,True,200,0.8,1024
265,265,32.62891477900001,80.0,53473.0,True,200,0.8,1024
266,266,32.75341717800001,80.0,53674.0,True,200,0.8,1024
267,267,32.88413819200002,80.0,53875.0,True,200,0.8,1024
268,268,33.009988452000016,80.0,54076.0,True,200,0.8,1024
269,269,33.138036371,80.0,54277.0,True,200,0.8,1024
270,270,33.25157424700001,80.0,54478.0,True,200,0.8,1024
271,271,33.373880550000024,80.0,54679.0,True,200,0.8,1024
272,272,33.502892951000035,80.0,54880.0,True,200,0.8,1024
273,273,33.625413458000025,80.0,55081.0,True,200,0.8,1024
274,274,33.76093190400002,80.0,55282.0,True,200,0.8,1024
275,275,33.89337165400002,80.0,55483.0,True,200,0.8,1024
276,276,34.00935470300004,80.0,55684.0,True,200,0.8,1024
277,277,34.15628926000005,80.0,55885.0,True,200,0.8,1024
278,278,34.279649602999996,80.0,56086.0,True,200,0.8,1024
279,279,34.44136749500001,80.0,56287.0,True,200,0.8,1024
280,280,34.562630274000014,80.0,56488.0,True,200,0.8,1024
281,281,34.68816071700002,80.0,56689.0,True,200,0.8,1024
282,282,34.81063345200005,80.0,56890.0,True,200,0.8,1024
283,283,34.933058517999996,80.0,57091.0,True,200,0.8,1024
284,284,35.074850525000045,80.0,57292.0,True,200,0.8,1024
285,285,35.19491654300003,80.0,57493.0,True,200,0.8,1024
286,286,35.30935741000002,80.0,57694.0,True,200,0.8,1024
287,287,35.41803159700004,80.0,57895.0,True,200,0.8,1024
288,288,35.53436728600002,80.0,58096.0,True,200,0.8,1024
289,289,35.64307660000003,80.0,58297.0,True,200,0.8,1024
290,290,35.75554758800001,80.0,58498.0,True,200,0.8,1024
291,291,35.863789310000016,80.0,58699.0,True,200,0.8,1024
292,292,35.980788399000005,80.0,58900.0,True,200,0.8,1024
293,293,36.10076915100001,80.0,59101.0,True,200,0.8,1024
294,294,36.21633391300003,80.0,59302.0,True,200,0.8,1024
295,295,36.32459322200003,80.0,59503.0,True,200,0.8,1024
296,296,36.44208434700005,80.0,59704.0,True,200,0.8,1024
297,297,36.55903614800002,80.0,59905.0,True,200,0.8,1024
298,298,36.68415601200002,80.0,60106.0,True,200,0.8,1024
299,299,36.810415448000015,80.0,60307.0,True,200,0.8,1024
300,300,36.951303843000005,80.0,60508.0,True,200,0.8,1024
301,301,37.085384352000005,80.0,60709.0,True,200,0.8,1024
302,302,37.218767136,80.0,60910.0,True,200,0.8,1024
303,303,37.335297672000024,80.0,61111.0,True,200,0.8,1024
304,304,37.476481987,80.0,61312.0,True,200,0.8,1024
305,305,37.62206527400002,80.0,61513.0,True,200,0.8,1024
306,306,37.74732668300004,80.0,61714.0,True,200,0.8,1024
307,307,37.86268640200001,80.0,61915.0,True,200,0.8,1024
308,308,37.97103771600001,80.0,62116.0,True,200,0.8,1024
309,309,38.078920468000035,80.0,62317.0,True,200,0.8,1024
310,310,38.18977455700002,80.0,62518.0,True,200,0.8,1024
311,311,38.31027011400005,80.0,62719.0,True,200,0.8,1024
312,312,38.46102922800003,80.0,62920.0,True,200,0.8,1024
313,313,38.600336389999995,80.0,63121.0,True,200,0.8,1024
314,314,38.72700127500002,80.0,63322.0,True,200,0.8,1024
315,315,38.84727748200004,80.0,63523.0,True,200,0.8,1024
316,316,38.989568132000045,80.0,63724.0,True,200,0.8,1024
317,317,39.10448530000002,80.0,63925.0,True,200,0.8,1024
318,318,39.23587841300002,80.0,64126.0,True,200,0.8,1024
319,319,39.350922158,80.0,64327.0,True,200,0.8,1024
320,320,39.46416931800002,80.0,64528.0,True,200,0.8,1024
321,321,39.574634668000044,80.0,64729.0,True,200,0.8,1024
322,322,39.692991844000005,80.0,64930.0,True,200,0.8,1024
323,323,39.81268062100003,80.0,65131.0,True,200,0.8,1024
324,324,39.94510359100002,80.0,65332.0,True,200,0.8,1024
325,325,40.10078614500003,80.0,65533.0,True,200,0.8,1024
326,326,40.23396101900005,80.0,65734.0,True,200,0.8,1024
327,327,40.36620947800003,80.0,65935.0,True,200,0.8,1024
328,328,40.49318139800005,80.0,66136.0,True,200,0.8,1024
329,329,40.61785658500003,80.0,66337.0,True,200,0.8,1024
330,330,40.728115125000045,80.0,66538.0,True,200,0.8,1024
331,331,40.84062037900003,80.0,66739.0,True,200,0.8,1024
332,332,40.95077726100004,80.0,66940.0,True,200,0.8,1024
333,333,41.06991059400002,80.0,67141.0,True,200,0.8,1024
334,334,41.189115437,80.0,67342.0,True,200,0.8,1024
335,335,41.30721915000004,80.0,67543.0,True,200,0.8,1024
336,336,41.42139538700002,80.0,67744.0,True,200,0.8,1024
337,337,41.55627128500004,80.0,67945.0,True,200,0.8,1024
338,338,41.681248467000046,80.0,68146.0,True,200,0.8,1024
339,339,41.80129747500001,80.0,68347.0,True,200,0.8,1024
340,340,41.929568845999995,80.0,68548.0,True,200,0.8,1024
341,341,42.046658836999995,80.0,68749.0,True,200,0.8,1024
342,342,42.166143937000015,80.0,68950.0,True,200,0.8,1024
343,343,42.283195616,80.0,69151.0,True,200,0.8,1024
344,344,42.402276785000026,80.0,69352.0,True,200,0.8,1024
345,345,42.516122231,80.0,69553.0,True,200,0.8,1024
346,346,42.63447509600002,80.0,69754.0,True,200,0.8,1024
347,347,42.74930104200001,80.0,69955.0,True,200,0.8,1024
348,348,42.86470368100004,80.0,70156.0,True,200,0.8,1024
349,349,42.978729708,80.0,70357.0,True,200,0.8,1024
350,350,43.09161370800001,80.0,70558.0,True,200,0.8,1024
351,351,43.210186032000024,80.0,70759.0,True,200,0.8,1024
352,352,43.324149750000004,80.0,70960.0,True,200,0.8,1024
353,353,43.44847402300002,80.0,71161.0,True,200,0.8,1024
354,354,43.56664200100005,80.0,71362.0,True,200,0.8,1024
355,355,43.699433922000026,80.0,71563.0,True,200,0.8,1024
356,356,43.821768776,80.0,71764.0,True,200,0.8,1024
357,357,43.943124202000035,80.0,71965.0,True,200,0.8,1024
358,358,44.05010665200001,80.0,72166.0,True,200,0.8,1024
359,359,44.15870807700003,80.0,72367.0,True,200,0.8,1024
360,360,44.272747785000035,80.0,72568.0,True,200,0.8,1024
361,361,44.384137579000026,80.0,72769.0,True,200,0.8,1024
362,362,44.492485746,80.0,72970.0,True,200,0.8,1024
363,363,44.59867444500003,80.0,73171.0,True,200,0.8,1024
364,364,44.72826378800005,80.0,73372.0,True,200,0.8,1024
365,365,44.84719449400001,80.0,73573.0,True,200,0.8,1024
366,366,44.976330019000045,80.0,73774.0,True,200,0.8,1024
367,367,45.08754208600004,80.0,73975.0,True,200,0.8,1024
368,368,45.203980332000015,80.0,74176.0,True,200,0.8,1024
369,369,45.32149549300004,80.0,74377.0,True,200,0.8,1024
370,370,45.48132813700005,80.0,74578.0,True,200,0.8,1024
371,371,45.60748578700003,80.0,74779.0,True,200,0.8,1024
372,372,45.71541086800005,80.0,74980.0,True,200,0.8,1024
373,373,45.822109864000026,80.0,75181.0,True,200,0.8,1024
374,374,45.94014935000001,80.0,75382.0,True,200,0.8,1024
375,375,46.04293582600002,80.0,75583.0,True,200,0.8,1024
376,376,46.140595785000016,80.0,75784.0,True,200,0.8,1024
377,377,46.247069219000025,80.0,75985.0,True,200,0.8,1024
378,378,46.35048236100005,80.0,76186.0,True,200,0.8,1024
379,379,46.452705957000035,80.0,76387.0,True,200,0.8,1024
380,380,46.55624640100001,80.0,76588.0,True,200,0.8,1024
381,381,46.655851326000004,80.0,76789.0,True,200,0.8,1024
382,382,46.75471689800003,80.0,76990.0,True,200,0.8,1024
383,383,46.856166493000046,80.0,77191.0,True,200,0.8,1024
384,384,46.96236407700002,80.0,77392.0,True,200,0.8,1024
385,385,47.062763293000046,80.0,77593.0,True,200,0.8,1024
386,386,47.16370545900003,80.0,77794.0,True,200,0.8,1024
387,387,47.263635566000005,80.0,77995.0,True,200,0.8,1024
388,388,47.364277473000016,80.0,78196.0,True,200,0.8,1024
389,389,47.464834145,80.0,78397.0,True,200,0.8,1024
390,390,47.565635610000015,80.0,78598.0,True,200,0.8,1024
391,391,47.666571223999995,80.0,78799.0,True,200,0.8,1024
392,392,47.768341765,80.0,79000.0,True,200,0.8,1024
393,393,47.870901559,80.0,79201.0,True,200,0.8,1024
394,394,47.970749146,80.0,79402.0,True,200,0.8,1024
395,395,48.072269436,80.0,79603.0,True,200,0.8,1024
396,396,48.19043200100003,80.0,79804.0,True,200,0.8,1024
397,397,48.306941196000025,80.0,80005.0,True,200,0.8,1024
398,398,48.419503744,80.0,80206.0,True,200,0.8,1024
399,399,48.52920265900002,80.0,80407.0,True,200,0.8,1024
400,400,48.63887888800002,80.0,80608.0,True,200,0.8,1024
401,401,48.74820300600004,80.0,80809.0,True,200,0.8,1024
402,402,48.86354675200005,80.0,81010.0,True,200,0.8,1024
403,403,48.97349666000002,80.0,81211.0,True,200,0.8,1024
404,404,49.082868872000006,80.0,81412.0,True,200,0.8,1024
405,405,49.19902196000004,80.0,81613.0,True,200,0.8,1024
406,406,49.313951503,80.0,81814.0,True,200,0.8,1024
407,407,49.42264629500005,80.0,82015.0,True,200,0.8,1024
408,408,49.534489259,80.0,82216.0,True,200,0.8,1024
409,409,49.645904520000045,80.0,82417.0,True,200,0.8,1024
410,410,49.758395550000046,80.0,82618.0,True,200,0.8,1024
411,411,49.874814282000045,80.0,82819.0,True,200,0.8,1024
412,412,49.98858397500004,80.0,83020.0,True,200,0.8,1024
413,413,50.102067749000014,80.0,83221.0,True,200,0.8,1024
414,414,50.21355286200003,80.0,83422.0,True,200,0.8,1024
415,415,50.324752387000046,80.0,83623.0,True,200,0.8,1024
416,416,50.444690544000025,80.0,83824.0,True,200,0.8,1024
417,417,50.555514199000015,80.0,84025.0,True,200,0.8,1024
418,418,50.669771457000024,80.0,84226.0,True,200,0.8,1024
419,419,50.777066273,80.0,84427.0,True,200,0.8,1024
420,420,50.89647561600003,80.0,84628.0,True,200,0.8,1024
421,421,51.014555665000046,80.0,84829.0,True,200,0.8,1024
422,422,51.115859795000006,80.0,85030.0,True,200,0.8,1024
423,423,51.22005426300001,80.0,85231.0,True,200,0.8,1024
424,424,51.33332909000001,80.0,85432.0,True,200,0.8,1024
425,425,51.45306145500001,80.0,85633.0,True,200,0.8,1024
426,426,51.56508967100001,80.0,85834.0,True,200,0.8,1024
427,427,51.68086660200004,80.0,86035.0,True,200,0.8,1024
428,428,51.80128393200005,80.0,86236.0,True,200,0.8,1024
429,429,51.911772893000034,80.0,86437.0,True,200,0.8,1024
430,430,52.024365182,80.0,86638.0,True,200,0.8,1024
431,431,52.13828017000003,80.0,86839.0,True,200,0.8,1024
432,432,52.25158396200004,80.0,87040.0,True,200,0.8,1024
433,433,52.36379068400004,80.0,87241.0,True,200,0.8,1024
434,434,52.473030467,80.0,87442.0,True,200,0.8,1024
435,435,52.574178527000015,80.0,87643.0,True,200,0.8,1024
436,436,52.67541482300004,80.0,87844.0,True,200,0.8,1024
437,437,52.77672773300003,80.0,88045.0,True,200,0.8,1024
438,438,52.878503421000005,80.0,88246.0,True,200,0.8,1024
439,439,52.990934167000034,80.0,88447.0,True,200,0.8,1024
440,440,53.102638893999995,80.0,88648.0,True,200,0.8,1024
441,441,53.20369011900004,80.0,88849.0,True,200,0.8,1024
442,442,53.305583039,80.0,89050.0,True,200,0.8,1024
443,443,53.419860535,80.0,89251.0,True,200,0.8,1024
444,444,53.526219620000006,80.0,89452.0,True,200,0.8,1024
445,445,53.638403813000025,80.0,89653.0,True,200,0.8,1024
446,446,53.75149588800002,80.0,89854.0,True,200,0.8,1024
447,447,53.86635924500001,80.0,90055.0,True,200,0.8,1024
448,448,53.97829907000005,80.0,90256.0,True,200,0.8,1024
449,449,54.09221469100004,80.0,90457.0,True,200,0.8,1024
450,450,54.21209570800005,80.0,90658.0,True,200,0.8,1024
451,451,54.312994401000026,80.0,90859.0,True,200,0.8,1024
452,452,54.41046299200002,80.0,91060.0,True,200,0.8,1024
453,453,54.526316479,80.0,91261.0,True,200,0.8,1024
454,454,54.65035359500001,80.0,91462.0,True,200,0.8,1024
455,455,54.764647318000016,80.0,91663.0,True,200,0.8,1024
456,456,54.87841243600002,80.0,91864.0,True,200,0.8,1024
457,457,54.999388905000046,80.0,92065.0,True,200,0.8,1024
458,458,55.110806099,80.0,92266.0,True,200,0.8,1024
459,459,55.214421904999995,80.0,92467.0,True,200,0.8,1024
460,460,55.32693018100002,80.0,92668.0,True,200,0.8,1024
461,461,55.44395124000005,80.0,92869.0,True,200,0.8,1024
462,462,55.56457703000001,80.0,93070.0,True,200,0.8,1024
463,463,55.68036387400002,80.0,93271.0,True,200,0.8,1024
464,464,55.791873538000004,80.0,93472.0,True,200,0.8,1024
465,465,55.903632713000036,80.0,93673.0,True,200,0.8,1024
466,466,56.01689262300005,80.0,93874.0,True,200,0.8,1024
467,467,56.12747372800004,80.0,94075.0,True,200,0.8,1024
468,468,56.226751218000004,80.0,94276.0,True,200,0.8,1024
469,469,56.34082800800002,80.0,94477.0,True,200,0.8,1024
470,470,56.467133837000006,80.0,94678.0,True,200,0.8,1024
471,471,56.58402169200002,80.0,94879.0,True,200,0.8,1024
472,472,56.69561936400004,80.0,95080.0,True,200,0.8,1024
473,473,56.80605539600003,80.0,95281.0,True,200,0.8,1024
474,474,56.91636896,80.0,95482.0,True,200,0.8,1024
475,475,57.032534048,80.0,95683.0,True,200,0.8,1024
476,476,57.146913122,80.0,95884.0,True,200,0.8,1024
477,477,57.258155348,80.0,96085.0,True,200,0.8,1024
478,478,57.36004458900004,80.0,96286.0,True,200,0.8,1024
479,479,57.46445578800001,80.0,96487.0,True,200,0.8,1024
480,480,57.5821924,80.0,96688.0,True,200,0.8,1024
481,481,57.691627095,80.0,96889.0,True,200,0.8,1024
482,482,57.80715201800001,80.0,97090.0,True,200,0.8,1024
483,483,57.911282615000005,80.0,97291.0,True,200,0.8,1024
484,484,58.01148347200001,80.0,97492.0,True,200,0.8,1024
485,485,58.126093515000036,80.0,97693.0,True,200,0.8,1024
486,486,58.23838980300002,80.0,97894.0,True,200,0.8,1024
487,487,58.349785569999995,80.0,98095.0,True,200,0.8,1024
488,488,58.474525407000044,80.0,98296.0,True,200,0.8,1024
489,489,58.59584459200005,80.0,98497.0,True,200,0.8,1024
490,490,58.69753469800003,80.0,98698.0,True,200,0.8,1024
491,491,58.814518882000016,80.0,98899.0,True,200,0.8,1024
492,492,58.929707033,80.0,99100.0,True,200,0.8,1024
493,493,59.041781816000025,80.0,99301.0,True,200,0.8,1024
494,494,59.15475545800001,80.0,99502.0,True,200,0.8,1024
495,495,59.26601600600003,80.0,99703.0,True,200,0.8,1024
496,496,59.372000512,80.0,99904.0,True,200,0.8,1024
497,497,59.47948316600002,80.0,100105.0,True,200,0.8,1024
498,498,59.59093971600004,80.0,100306.0,True,200,0.8,1024
499,499,59.702434917999994,80.0,100507.0,True,200,0.8,1024
500,500,59.81397211800004,80.0,100708.0,True,200,0.8,1024
501,501,59.96859451700004,80.0,100909.0,True,200,0.8,1024
502,502,60.093263749000016,80.0,101110.0,True,200,0.8,1024
503,503,60.21269594199998,80.0,101311.0,True,200,0.8,1024
504,504,60.33263159400008,80.0,101512.0,True,200,0.8,1024
505,505,60.454601087000015,80.0,101713.0,True,200,0.8,1024
506,506,60.584786199000064,80.0,101914.0,True,200,0.8,1024
507,507,60.704590075000056,80.0,102115.0,True,200,0.8,1024
508,508,60.814146103999974,80.0,102316.0,True,200,0.8,1024
509,509,60.934240654000064,80.0,102517.0,True,200,0.8,1024
510,510,61.05713653300006,80.0,102718.0,True,200,0.8,1024
511,511,61.16295516800005,80.0,102919.0,True,200,0.8,1024
512,512,61.26668485599998,80.0,103120.0,True,200,0.8,1024
513,513,61.40663612200001,80.0,103321.0,True,200,0.8,1024
514,514,61.53132220400005,80.0,103522.0,True,200,0.8,1024
515,515,61.65402140900005,80.0,103723.0,True,200,0.8,1024
516,516,61.77664556900004,80.0,103924.0,True,200,0.8,1024
517,517,61.891582287000006,80.0,104125.0,True,200,0.8,1024
518,518,61.996999362,80.0,104326.0,True,200,0.8,1024
519,519,62.107623069000056,80.0,104527.0,True,200,0.8,1024
520,520,62.21944662300007,80.0,104728.0,True,200,0.8,1024
521,521,62.33163143399997,80.0,104929.0,True,200,0.8,1024
522,522,62.44311906400003,80.0,105130.0,True,200,0.8,1024
523,523,62.569727016,80.0,105331.0,True,200,0.8,1024
524,524,62.68706353499999,80.0,105532.0,True,200,0.8,1024
525,525,62.80182403499998,80.0,105733.0,True,200,0.8,1024
526,526,62.91548653799998,80.0,105934.0,True,200,0.8,1024
527,527,63.03424402600001,80.0,106135.0,True,200,0.8,1024
528,528,63.15984310199997,80.0,106336.0,True,200,0.8,1024
529,529,63.30262368299998,80.0,106537.0,True,200,0.8,1024
530,530,63.431592041000044,80.0,106738.0,True,200,0.8,1024
531,531,63.54610775900005,80.0,106939.0,True,200,0.8,1024
532,532,63.67179809800007,80.0,107140.0,True,200,0.8,1024
533,533,63.79387785000006,80.0,107341.0,True,200,0.8,1024
534,534,63.92490380300001,80.0,107542.0,True,200,0.8,1024
535,535,64.041660321,80.0,107743.0,True,200,0.8,1024
536,536,64.17770798700008,80.0,107944.0,True,200,0.8,1024
537,537,64.30106661600007,80.0,108145.0,True,200,0.8,1024
538,538,64.41272914399997,80.0,108346.0,True,200,0.8,1024
539,539,64.52028505099997,80.0,108547.0,True,200,0.8,1024
540,540,64.62542130600002,80.0,108748.0,True,200,0.8,1024
541,541,64.72551332700004,80.0,108949.0,True,200,0.8,1024
